category,sites_containing,total_sites,coverage_pct
travel,4,7,57.1
business,4,7,57.1
audio,3,7,42.9
news,3,7,42.9
sports,3,7,42.9
health,3,7,42.9
sport,3,7,42.9
technology,3,7,42.9
books,3,7,42.9
politics,3,7,42.9
science,3,7,42.9
europe,2,7,28.6
culture,2,7,28.6
music,2,7,28.6
series,2,7,28.6
transcripts,2,7,28.6
entertainment,2,7,28.6
crosswords,2,7,28.6
world,2,7,28.6
interactive,2,7,28.6
africa,1,7,14.3
asia,1,7,14.3
asia-pacific,1,7,14.3
climate-crisis,1,7,14.3
economy,1,7,14.3
features,1,7,14.3
fifa-world-cup-2026,1,7,14.3
gallery,1,7,14.3
interactives,1,7,14.3
investigations,1,7,14.3
latin-america,1,7,14.3
middle-east,1,7,14.3
opinion,1,7,14.3
us-canada,1,7,14.3
aboutthebbc,1,7,14.3
arts,1,7,14.3
future,1,7,14.3
future-planet,1,7,14.3
reel,1,7,14.3
usingthebbc,1,7,14.3
about-npr,1,7,14.3
diversity,1,7,14.3
lifekit,1,7,14.3
podcasts-and-shows,1,7,14.3
programs,1,7,14.3
accessibility-statement,1,7,14.3
ap-fact-check,1,7,14.3
apnews,1,7,14.3
article,1,7,14.3
climate-and-environment,1,7,14.3
community-guidelines,1,7,14.3
contact-us,1,7,14.3
education,1,7,14.3
hub,1,7,14.3
lifestyle,1,7,14.3
oddities,1,7,14.3
photo-gallery,1,7,14.3
photography,1,7,14.3
press-releases,1,7,14.3
privacystatement,1,7,14.3
projects,1,7,14.3
purpose,1,7,14.3
quizzes,1,7,14.3
religion,1,7,14.3
termsofservice,1,7,14.3
today-in-history,1,7,14.3
us-news,1,7,14.3
webform,1,7,14.3
world-news,1,7,14.3
artanddesign,1,7,14.3
australia-news,1,7,14.3
commentisfree,1,7,14.3
email-newsletters,1,7,14.3
environment,1,7,14.3
fashion,1,7,14.3
film,1,7,14.3
food,1,7,14.3
football,1,7,14.3
global,1,7,14.3
global-development,1,7,14.3
guardian-live-events,1,7,14.3
info,1,7,14.3
inpictures,1,7,14.3
insidetheguardian,1,7,14.3
lifeandstyle,1,7,14.3
money,1,7,14.3
obituaries,1,7,14.3
preference,1,7,14.3
society,1,7,14.3
stage,1,7,14.3
the-grid,1,7,14.3
theguardian,1,7,14.3
tips,1,7,14.3
tone,1,7,14.3
tv-and-radio,1,7,14.3
type,1,7,14.3
uk-news,1,7,14.3
weekly,1,7,14.3
athletic,1,7,14.3
browser,1,7,14.3
column,1,7,14.3
custom-content,1,7,14.3
gift,1,7,14.3
gift-articles,1,7,14.3
international,1,7,14.3
livestream,1,7,14.3
news-event,1,7,14.3
reviews,1,7,14.3
spotlight,1,7,14.3
trending,1,7,14.3
wirecutter,1,7,14.3
ad-choices,1,7,14.3
climate,1,7,14.3
cnn,1,7,14.3
cnn-underscored,1,7,14.3
cnnjobs,1,7,14.3
company,1,7,14.3
election,1,7,14.3
follow,1,7,14.3
markets,1,7,14.3
polling,1,7,14.3
profiles,1,7,14.3
pvpf,1,7,14.3
style,1,7,14.3
